iter	Logloss
0	0.516761146
1	0.3733297142
2	0.2776867772
3	0.2103537245
4	0.1622576562
5	0.1293664166
6	0.09503494309
7	0.07684035158
8	0.06289395857
9	0.05234093345
