iter	Logloss
0	0.4451068878
1	0.3107422638
2	0.2007550812
3	0.1372236824
4	0.09416549683
5	0.06656962872
6	0.05228720665
7	0.04011155605
8	0.03189893246
9	0.02584686279
